날짜,서울,부산,대구,인천,광주,대전,울산,경기,강원,충북,충남,전북,전남,경북,경남,제주,세종
2023-10-01,9,11,9,8,9,8,13,8,9,11,9,11,9,13.0,11,11,8
2023-10-02,8,8,8,9,9,9,9,9,6,10,10,10,9,10.0,8,7,9
2023-10-03,11,9,12,14,10,10,11,11,7,11,13,12,9,12.0,10,8,11
2023-10-04,13,10,14,17,10,11,12,14,8,13,13,12,8,14.0,10,8,11
2023-10-05,6,10,8,7,8,6,11,6,7,10,7,9,8,11.0,9,9,7
2023-10-06,9,12,9,10,9,10,13,10,7,12,10,10,8,12.0,10,7,11
2023-10-07,11,10,11,12,16,13,10,12,7,12,15,17,13,11.0,12,10,13
2023-10-08,5,6,6,7,10,5,7,6,5,8,8,11,8,8.0,6,8,6
2023-10-09,5,7,7,8,8,7,7,7,5,8,9,9,8,8.0,7,8,7
2023-10-10,11,11,10,18,13,13,12,13,8,13,16,15,11,13.0,11,11,14
2023-10-11,14,10,11,18,14,13,11,15,10,13,18,16,12,13.0,11,12,15
2023-10-12,16,10,11,21,13,12,10,17,12,13,18,15,12,13.0,11,10,15
2023-10-13,21,11,16,23,16,15,12,24,14,17,25,20,14,16.0,14,12,20
2023-10-14,19,14,19,18,19,18,16,22,15,21,22,20,15,19.0,16,13,20
2023-10-15,16,14,15,17,16,13,15,17,14,18,16,17,13,17.0,14,13,14
2023-10-16,18,16,16,16,15,14,18,17,15,17,14,15,12,19.0,15,13,14
2023-10-17,14,15,10,15,10,9,18,15,13,14,13,12,8,15.0,11,8,13
2023-10-18,17,15,16,19,14,13,18,20,14,18,16,15,12,16.0,14,8,16
2023-10-19,18,13,21,19,16,14,17,20,19,20,16,17,11,20.0,14,7,14
2023-10-20,6,7,6,7,6,5,8,6,8,8,6,7,6,9.0,6,8,5
2023-10-21,7,7,7,8,7,6,8,7,7,8,7,8,6,9.0,6,7,7
2023-10-22,10,8,9,11,10,8,9,12,9,11,10,10,8,11.0,8,8,9
2023-10-23,16,15,16,17,14,12,17,18,16,17,16,15,12,18.0,14,8,14
2023-10-24,21,18,21,25,18,17,21,26,20,23,22,19,15,22.0,17,10,22
2023-10-25,23,20,22,26,19,20,23,28,21,25,23,22,17,24.0,18,11,24
2023-10-26,33,25,31,40,26,30,29,38,26,33,32,32,21,33.0,23,16,27
2023-10-27,16,26,22,16,24,25,26,15,9,22,22,22,19,25.0,22,19,27
2023-10-28,19,15,15,22,17,23,14,21,12,21,21,19,17,16.0,17,14,24
2023-10-29,17,12,15,21,18,19,12,20,12,19,24,23,17,16.0,16,13,24
2023-10-30,25,17,20,29,19,22,20,29,16,23,27,25,16,21.0,18,11,28
2023-10-31,30,26,27,32,24,26,27,36,24,33,25,26,19,26.0,23,11,30
2023-11-01,25,21,29,26,20,23,25,28,28,27,20,22,15,27.0,20,9,18
2023-11-02,19,17,31,18,14,15,26,18,22,20,14,16,12,29.0,16,10,12
2023-11-03,15,15,19,15,15,17,18,17,15,18,16,16,13,22.0,15,9,15
2023-11-04,18,19,19,23,16,16,19,20,11,21,29,21,15,21.0,19,7,20
2023-11-05,9,19,18,11,16,13,24,10,7,13,15,18,16,18.0,21,8,11
2023-11-06,7,10,6,9,9,7,11,7,7,9,8,10,8,11.0,8,11,7
2023-11-07,7,11,8,8,11,7,10,7,7,9,8,10,10,10.0,9,12,7
2023-11-08,12,10,16,17,12,10,10,14,9,14,15,13,11,14.0,11,11,15
2023-11-09,17,13,23,22,16,16,15,20,12,17,20,19,14,20.0,14,10,20
2023-11-10,9,12,12,9,10,10,14,9,10,14,9,11,9,16.0,10,8,9
2023-11-11,10,12,11,11,9,13,10,11,9,14,11,12,7,13.0,8,8,13
2023-11-12,11,9,11,12,8,13,10,11,11,15,12,11,7,14.0,8,8,14
2023-11-13,13,10,11,13,9,12,9,13,13,15,12,11,7,13.0,8,8,14
2023-11-14,15,13,13,17,12,13,11,18,13,18,17,14,9,15.0,11,9,18
2023-11-15,29,20,25,35,20,28,19,33,20,34,33,25,15,26.0,17,13,35
2023-11-16,34,24,42,35,24,32,21,39,30,40,34,26,18,38.0,22,13,41
2023-11-17,9,12,13,9,10,7,11,9,11,11,7,8,7,14.0,8,10,8
2023-11-18,14,10,11,14,10,10,8,13,12,12,11,10,9,13.0,8,10,10
2023-11-19,24,13,14,25,16,18,11,25,22,21,21,17,13,18.0,13,13,19
2023-11-20,18,22,16,18,17,16,20,19,18,20,15,17,16,22.0,19,17,16
2023-11-21,22,20,24,26,17,17,21,25,16,24,21,20,13,22.0,18,11,22
2023-11-22,27,17,27,31,18,18,18,32,22,27,24,21,11,23.0,17,10,24
2023-11-23,48,27,27,54,35,28,23,49,33,34,41,37,27,28.0,25,29,29
2023-11-24,8,11,8,9,8,7,10,7,8,9,7,7,6,10.0,8,9,7
2023-11-25,9,10,9,12,8,9,8,11,10,12,10,9,7,11.0,8,8,11
2023-11-26,15,16,16,20,15,15,12,20,14,21,20,20,12,17.0,13,9,21
2023-11-27,25,17,22,27,22,15,16,26,18,22,23,19,17,22.0,17,23,22
2023-11-28,18,18,17,17,18,16,16,17,16,20,16,16,15,20.0,16,23,17
2023-11-29,9,18,19,11,17,16,15,10,10,16,14,16,13,18.0,16,13,16
2023-11-30,7,11,9,9,10,8,9,7,8,10,8,8,7,11.0,8,10,8
2023-12-01,11,12,11,13,12,12,8,12,11,14,13,12,9,12.0,10,8,13
2023-12-02,19,14,17,21,19,17,11,22,16,23,22,17,13,17.0,13,11,21
2023-12-03,23,27,19,24,22,20,21,22,18,23,21,19,17,20.0,22,18,22
2023-12-04,25,24,24,28,18,24,18,27,19,29,24,18,14,22.0,21,12,34
2023-12-05,27,25,27,34,21,29,18,30,21,31,34,26,16,22.0,21,13,39
2023-12-06,46,32,43,54,49,51,28,51,32,51,58,50,35,35.0,32,38,59
2023-12-07,16,23,20,19,17,14,25,18,20,19,16,14,15,24.0,17,18,15
2023-12-08,22,24,25,26,23,21,20,23,23,24,22,22,22,25.0,21,23,18
2023-12-09,31,20,24,31,21,24,19,33,33,28,25,22,19,28.0,20,15,23
2023-12-10,33,30,32,26,22,28,28,36,27,37,41,30,20,32.0,25,10,46
2023-12-11,2,15,17,5,16,10,15,3,3,9,15,19,15,17.0,18,6,9
2023-12-12,3,6,3,5,5,4,4,4,3,4,5,5,5,6.0,4,5,5
2023-12-13,6,8,9,13,8,7,6,9,7,9,13,10,7,9.0,8,7,10
2023-12-14,5,9,13,8,9,7,11,7,6,9,10,8,6,13.0,11,7,6
2023-12-15,2,7,6,4,5,5,6,3,3,6,5,4,5,7.0,7,8,5
2023-12-16,9,6,6,11,8,5,7,8,6,8,8,6,5,7.0,4,8,7
2023-12-17,7,8,8,8,9,9,7,7,6,10,9,8,6,9.0,6,7,9
2023-12-18,7,8,9,9,9,9,7,9,7,12,11,9,8,9.0,7,7,12
2023-12-19,15,10,12,19,11,20,9,17,10,22,22,19,9,12.0,8,6,24
2023-12-20,27,17,23,27,15,21,19,25,24,27,21,19,12,23.0,14,15,24
2023-12-21,12,11,10,14,10,11,9,12,10,12,11,10,8,11.0,8,7,12
2023-12-22,11,10,10,12,12,11,8,11,10,12,13,12,9,10.0,9,7,12
2023-12-23,19,9,12,20,14,14,8,19,14,20,20,16,11,12.0,10,8,19
2023-12-24,28,17,20,28,20,20,16,28,16,27,30,23,17,19.0,17,19,31
2023-12-25,35,25,26,31,28,26,21,36,27,36,31,30,20,27.0,22,21,34
2023-12-26,35,26,27,36,25,24,21,35,26,33,28,25,18,24.0,23,24,32
2023-12-27,57,26,35,67,27,26,26,56,33,41,44,30,21,31.0,22,22,37
2023-12-28,40,33,44,39,37,38,35,49,34,50,49,39,26,41.0,29,22,47
2023-12-29,33,47,53,37,48,47,43,38,32,53,53,51,38,49.0,42,39,55
2023-12-30,31,47,65,35,48,59,41,42,42,66,63,52,39,55.0,48,28,68
2023-12-31,17,28,41,23,35,26,24,21,19,28,27,29,31,33.0,26,45,27
2024-01-01,20,13,19,30,21,17,12,21,15,22,24,20,19,19.0,14,25,20
2024-01-02,29,20,24,29,20,24,18,30,23,32,27,20,18,25.0,19,23,29
2024-01-03,29,27,32,32,25,30,27,33,27,39,35,29,21,33.0,23,22,35
2024-01-04,36,22,25,35,27,26,20,36,28,34,32,29,20,26.0,21,26,31
2024-01-05,56,30,36,55,36,42,24,57,43,50,59,47,25,35.0,26,23,53
2024-01-06,13,27,26,12,25,23,24,17,24,28,20,25,19,28.0,23,23,27
2024-01-07,14,13,13,14,10,11,12,13,11,15,13,11,9,14.0,10,12,14
2024-01-08,13,10,11,15,7,11,10,14,10,13,13,10,8,11.0,9,8,15
2024-01-09,25,20,25,29,15,16,18,26,21,24,21,15,14,20.0,20,10,27
2024-01-10,56,23,34,61,32,49,19,52,25,42,59,49,23,28.0,25,16,64
2024-01-11,50,28,35,52,31,31,21,53,31,42,48,37,24,30.0,28,10,49
2024-01-12,35,32,28,35,28,24,23,36,29,34,36,31,26,28.0,28,53,29
2024-01-13,13,18,14,15,13,13,14,15,13,16,17,16,13,14.0,17,16,20
2024-01-14,23,14,23,24,18,18,13,24,18,23,23,20,16,21.0,15,17,27
2024-01-15,10,17,17,9,11,12,22,11,16,18,10,11,10,21.0,15,10,12
2024-01-16,18,11,15,17,10,14,11,20,15,21,18,14,10,16.0,10,6,20
2024-01-17,27,20,38,33,17,24,18,32,18,32,33,21,18,24.0,23,8,40
2024-01-18,20,14,31,22,13,18,10,21,16,20,24,15,12,23.0,18,11,24
2024-01-19,8,12,11,11,11,10,9,8,8,10,12,12,11,12.0,10,8,9
2024-01-20,2,6,4,3,5,3,5,2,3,3,4,5,4,6.0,4,6,3
2024-01-21,10,6,6,13,6,7,5,10,4,6,10,8,5,7.0,4,6,9
2024-01-22,20,10,10,18,8,10,10,17,19,16,11,8,7,14.0,7,9,11
2024-01-23,12,8,9,11,7,10,9,11,15,14,10,8,6,13.0,6,6,11
2024-01-24,11,8,10,11,8,9,8,11,11,12,10,9,8,12.0,6,8,11
2024-01-25,12,14,12,12,9,12,13,13,14,16,14,12,9,16.0,11,10,14
2024-01-26,23,18,21,24,17,20,13,25,18,26,29,22,14,20.0,15,11,29
2024-01-27,37,27,29,35,24,31,24,40,31,42,37,29,20,30.0,25,27,43
2024-01-28,21,23,25,22,16,24,21,24,29,27,22,21,16,26.0,21,17,28
2024-01-29,32,27,25,34,17,24,24,33,24,31,30,24,16,26.0,22,19,31
2024-01-30,41,29,45,49,27,35,27,47,27,47,55,38,24,36.0,27,15,54
2024-01-31,41,29,41,54,21,34,26,47,27,38,53,35,19,34.0,25,12,52
2024-02-01,62,32,32,65,52,61,25,63,26,53,72,62,33,30.0,27,13,79
2024-02-02,34,8,10,36,48,26,6,38,10,25,42,36,19,10.0,8,7,57
2024-02-03,26,9,10,33,17,20,8,32,13,28,43,28,13,11.0,10,6,44
2024-02-04,17,7,8,24,6,6,5,18,11,8,21,12,7,9.0,6,6,14
2024-02-05,3,5,3,5,3,2,4,3,4,4,4,4,4,7.0,3,5,4
2024-02-06,10,12,8,14,8,9,12,11,7,11,12,10,7,11.0,8,6,13
2024-02-07,26,16,20,28,19,21,13,28,17,26,25,22,16,19.0,15,17,25
2024-02-08,31,22,32,31,25,33,20,33,23,40,32,31,22,30.0,23,15,42
2024-02-09,25,32,31,24,18,25,33,25,28,33,23,21,18,32.0,26,15,29
2024-02-10,37,22,31,40,38,34,26,36,31,33,38,37,34,37.0,24,51,40
2024-02-11,50,48,51,43,55,39,45,47,37,43,43,49,48,48.0,46,48,43
2024-02-12,47,34,41,48,45,37,36,48,37,46,50,45,40,43.0,36,32,47
2024-02-13,43,25,27,44,31,28,21,41,34,30,37,29,27,28.0,25,20,32
2024-02-14,27,18,23,24,14,19,13,27,23,26,19,15,15,23.0,19,9,24
2024-02-15,15,12,14,12,9,12,9,14,12,16,12,13,8,15.0,10,11,11
2024-02-16,18,9,11,19,13,13,7,17,7,13,16,16,11,12.0,9,11,16
2024-02-17,31,14,20,28,14,15,16,31,13,19,24,21,12,20.0,14,8,23
2024-02-18,25,19,25,29,9,19,17,29,14,23,25,15,11,22.0,18,6,34
2024-02-19,8,15,11,10,7,8,8,10,9,10,11,9,9,12.0,10,14,9
2024-02-20,16,11,4,18,11,14,7,16,6,16,19,16,9,7.0,6,11,18
2024-02-21,2,4,2,2,3,2,3,2,3,3,3,3,3,5.0,2,3,2
2024-02-22,3,5,4,4,3,3,4,3,4,4,4,3,3,6.0,3,4,4
2024-02-23,4,8,6,6,5,5,6,5,5,7,7,5,6,9.0,6,6,6
2024-02-24,7,9,6,8,6,6,6,7,7,7,7,7,6,9.0,7,6,5
2024-02-25,11,6,7,14,7,9,7,11,7,10,13,10,6,9.0,5,6,12
2024-02-26,18,8,10,27,21,18,6,21,8,17,28,23,14,12.0,8,12,22
2024-02-27,9,13,12,12,16,10,11,10,10,11,17,14,12,14.0,11,10,15
2024-02-28,17,12,15,22,11,11,10,19,14,13,20,14,11,15.0,12,10,14
2024-02-29,35,11,17,37,16,21,10,37,22,23,40,24,13,17.0,11,8,36
2024-03-01,11,16,13,12,14,11,13,11,14,15,12,13,14,17.0,12,16,12
2024-03-02,14,11,11,19,10,9,11,14,12,13,12,10,10,14.0,9,11,10
2024-03-03,64,34,31,66,36,39,30,63,38,43,60,43,30,35.0,30,34,44
2024-03-04,37,45,47,37,45,47,40,46,35,60,61,51,38,51.0,41,25,54
2024-03-05,22,12,9,27,8,17,8,27,19,28,35,12,11,20.0,10,6,32
2024-03-06,7,11,10,11,9,11,8,8,8,9,12,13,10,13.0,9,11,12
2024-03-07,18,14,14,20,17,16,11,18,13,15,23,21,14,15.0,14,14,20
2024-03-08,22,20,21,24,20,21,20,21,18,23,23,22,20,24.0,18,24,20
2024-03-09,18,19,15,18,14,16,16,18,16,17,17,16,13,18.0,14,14,17
2024-03-10,17,18,17,18,17,17,17,19,20,21,19,21,16,20.0,17,12,20
2024-03-11,19,18,19,22,15,16,17,21,18,19,19,18,14,23.0,16,8,19
2024-03-12,21,17,15,23,15,19,16,26,22,21,24,18,12,22.0,12,16,25
2024-03-13,26,26,22,26,17,25,22,28,27,27,24,21,16,24.0,18,14,26
2024-03-14,36,30,29,36,24,26,30,36,31,33,29,27,21,31.0,26,21,32
2024-03-15,31,29,26,27,22,19,24,33,31,26,23,24,20,28.0,24,18,22
2024-03-16,31,25,25,31,20,17,26,34,32,29,23,21,17,29.0,21,12,22
2024-03-17,19,16,17,20,20,18,15,21,18,22,23,22,18,22.0,16,17,21
2024-03-18,7,14,16,9,12,12,11,9,10,13,12,13,17,16.0,17,17,12
2024-03-19,26,17,19,26,18,24,15,27,18,23,27,21,17,22.0,16,18,26
2024-03-20,23,17,17,23,14,19,18,21,16,21,19,17,13,20.0,15,10,21
2024-03-21,20,18,18,19,15,17,20,20,20,20,18,17,13,21.0,15,10,18
2024-03-22,18,14,18,19,13,18,18,19,20,20,19,15,11,21.0,14,13,17
2024-03-23,25,20,17,24,20,23,17,25,17,29,27,25,20,19.0,20,18,25
2024-03-24,16,12,13,21,22,15,8,17,12,16,21,24,17,14.0,15,10,17
2024-03-25,7,10,7,11,10,7,7,9,7,8,10,11,9,11.0,9,8,7
2024-03-26,4,5,3,4,5,4,5,4,4,4,7,6,5,7.0,3,5,5
2024-03-27,15,9,11,17,15,9,10,18,11,12,16,17,10,14.0,11,7,11
2024-03-28,16,8,16,20,8,11,9,22,18,21,16,15,7,17.0,9,5,14
2024-03-29,43,25,25,41,30,31,24,40,36,37,35,34,24,30.0,24,26,29
2024-03-30,22,26,24,24,30,26,23,24,17,26,25,28,26,25.0,25,30,23
2024-03-31,11,25,20,14,26,16,24,14,14,22,18,21,25,24.0,23,31,19
2024-04-01,13,23,13,15,17,16,23,14,14,18,18,21,17,18.0,18,18,18
2024-04-02,22,21,19,22,16,18,26,22,18,22,23,20,15,21.0,18,12,23
2024-04-03,21,8,10,31,4,7,10,22,15,10,14,8,4,15.0,6,11,8
2024-04-04,15,18,17,23,14,9,17,17,15,13,20,17,13,19.0,14,14,10
2024-04-05,21,16,16,22,21,15,14,20,16,17,20,19,18,18.0,17,18,16
2024-04-06,39,22,21,41,20,23,24,38,24,29,35,28,21,22.0,21,21,31
2024-04-07,32,30,21,38,24,32,33,33,28,35,34,29,24,26.0,24,25,39
2024-04-08,28,29,27,30,24,33,39,30,29,37,26,27,25,31.0,28,27,31
2024-04-09,18,15,16,22,23,22,16,20,12,22,32,36,21,19.0,17,20,22
2024-04-10,18,9,14,21,15,13,9,18,13,14,22,22,12,13.0,11,14,13
2024-04-11,21,14,18,21,15,20,15,22,22,22,22,21,14,20.0,16,16,19
2024-04-12,24,19,27,24,15,19,23,24,21,24,25,20,17,25.0,20,16,23
2024-04-13,18,15,22,20,19,19,19,21,19,23,22,20,18,23.0,17,16,19
2024-04-14,22,14,14,22,15,17,18,22,17,19,22,18,15,18.0,15,12,21
2024-04-15,11,12,11,13,6,10,14,12,11,11,14,10,9,15.0,12,9,10
2024-04-16,29,19,19,28,17,17,18,29,25,26,24,21,15,21.0,19,19,16
2024-04-17,42,47,44,27,37,38,49,35,42,45,36,39,30,52.0,39,35,33
2024-04-18,28,70,47,26,36,30,66,29,36,37,31,36,32,54.0,50,39,26
2024-04-19,30,58,37,28,19,19,54,30,26,23,25,23,23,36.0,42,30,22
2024-04-20,26,28,27,26,17,15,34,28,24,27,23,18,16,29.0,21,21,21
2024-04-21,7,6,9,6,4,6,8,7,10,10,7,7,6,14.0,6,10,7
2024-04-22,16,13,14,18,10,13,12,16,13,16,18,13,12,16.0,14,12,14
2024-04-23,10,12,9,16,16,11,10,13,9,11,15,15,14,12.0,13,12,12
2024-04-24,5,10,9,9,12,9,14,8,4,8,13,14,10,10.0,9,12,8
2024-04-25,19,13,16,22,8,11,18,23,12,14,14,12,8,15.0,11,11,11
2024-04-26,26,19,24,30,14,15,26,30,17,24,30,19,12,22.0,20,12,22
2024-04-27,23,27,26,21,12,14,33,25,19,25,20,17,14,26.0,24,13,18
2024-04-28,20,26,26,21,15,12,33,18,16,16,16,15,16,25.0,26,12,13
2024-04-29,20,17,16,22,13,18,18,20,15,18,22,18,10,20.0,15,6,17
2024-04-30,33,14,15,32,20,20,16,31,17,20,25,24,17,16.0,14,18,18
2024-05-01,14,11,10,16,15,12,11,16,10,12,17,15,12,13.0,10,16,12
2024-05-02,19,11,14,20,18,17,12,18,13,16,20,20,15,16.0,13,15,17
2024-05-03,25,13,18,21,19,21,18,23,16,22,23,22,19,19.0,16,19,24
2024-05-04,33,15,19,34,17,23,18,31,19,26,24,19,17,19.0,15,14,24
2024-05-05,14,11,9,14,4,11,14,15,16,14,11,6,5,14.0,9,5,12
2024-05-06,7,11,7,9,15,9,9,7,4,6,10,14,13,9.0,10,16,6
2024-05-07,13,19,10,13,22,15,13,12,6,14,15,19,20,12.0,18,35,13
2024-05-08,9,8,6,10,8,7,7,9,7,8,10,8,7,10.0,7,9,8
2024-05-09,14,14,12,13,11,12,16,15,12,13,12,10,10,13.0,12,11,13
2024-05-10,14,16,17,14,9,13,18,15,17,14,12,12,10,19.0,14,11,12
2024-05-11,8,12,9,9,7,10,10,9,9,10,9,9,8,13.0,9,8,8
2024-05-12,15,14,22,15,19,15,19,16,17,19,16,19,15,23.0,16,20,15
2024-05-13,13,18,13,15,11,13,17,14,12,15,14,13,13,16.0,14,13,13
2024-05-14,13,17,16,15,14,14,19,15,12,15,14,15,15,17.0,16,15,16
2024-05-15,8,18,14,9,12,10,22,10,10,14,11,11,11,17.0,15,12,12
2024-05-16,7,7,7,8,8,8,6,8,5,7,9,9,8,8.0,6,11,8
2024-05-17,19,14,15,18,11,15,15,19,15,17,15,13,11,18.0,12,10,15
2024-05-18,11,11,12,11,8,10,13,12,11,11,11,10,9,13.0,10,10,10
2024-05-19,11,16,13,13,10,11,17,12,10,13,13,13,12,15.0,13,12,13
2024-05-20,16,21,13,16,12,15,22,16,13,18,16,16,12,17.0,16,14,14
2024-05-21,27,17,18,35,21,18,13,25,11,19,22,22,18,16.0,19,17,17
2024-05-22,35,15,19,20,26,26,17,29,16,25,30,24,19,19.0,19,15,25
2024-05-23,18,28,23,17,23,29,35,19,16,28,26,24,21,25.0,25,18,26
2024-05-24,24,22,16,30,23,30,18,27,13,32,36,32,21,18.0,21,24,32
2024-05-25,19,7,7,26,19,9,7,18,8,9,22,25,12,8.0,9,14,12
2024-05-26,13,14,10,15,8,11,14,14,10,11,13,13,9,13.0,13,11,10
2024-05-27,10,8,6,11,7,7,7,10,7,11,11,13,7,10.0,6,10,7
2024-05-28,7,8,7,8,9,8,8,8,6,8,11,11,10,10.0,9,12,8
2024-05-29,12,11,11,10,12,9,14,11,9,10,10,11,11,12.0,11,12,9
2024-05-30,15,12,22,15,15,15,18,14,11,14,14,15,14,21.0,15,11,15
2024-05-31,13,16,12,13,10,10,19,13,11,13,12,12,10,18.0,14,9,11
2024-06-01,14,17,10,13,9,11,17,13,9,12,14,13,9,14.0,12,11,11
2024-06-02,10,16,10,12,12,12,14,11,7,12,13,15,12,11.0,12,12,10
2024-06-03,7,8,9,11,11,11,8,9,5,10,15,16,12,11.0,12,11,12
2024-06-04,8,9,7,10,14,8,8,9,7,8,16,17,12,10.0,9,13,10
2024-06-05,21,9,10,24,17,17,10,22,10,15,22,21,13,12.0,12,11,21
2024-06-06,28,11,12,27,17,20,14,24,12,16,18,21,12,14.0,12,12,19
2024-06-07,19,18,20,16,17,21,22,21,15,21,21,24,18,20.0,19,12,21
2024-06-08,16,12,8,18,8,15,15,17,17,20,16,12,9,13.0,11,7,15
2024-06-09,18,5,6,18,6,8,8,16,12,12,13,11,7,9.0,7,7,10
2024-06-10,28,21,17,27,17,22,27,25,21,24,22,22,16,20.0,21,15,21
2024-06-11,36,25,28,35,20,22,36,31,31,27,21,23,19,28.0,25,17,20
2024-06-12,16,22,22,17,18,15,35,16,18,18,15,19,16,26.0,22,16,14
2024-06-13,16,32,26,17,14,16,37,18,16,20,18,17,17,26.0,27,16,16
2024-06-14,20,27,26,21,20,21,36,20,19,22,18,19,20,28.0,25,20,19
2024-06-15,18,24,19,19,19,19,31,18,18,19,17,17,18,24.0,21,15,18
2024-06-16,13,16,12,13,9,11,21,13,11,14,12,14,11,16.0,13,16,11
2024-06-17,11,19,13,14,13,13,19,12,11,13,12,18,14,15.0,14,12,12
2024-06-18,14,20,16,14,12,14,25,14,16,15,13,16,12,18.0,17,11,12
2024-06-19,26,23,21,29,14,16,31,24,20,18,18,17,14,24.0,21,11,16
2024-06-20,28,15,17,26,12,14,20,26,20,18,18,16,11,21.0,15,6,17
2024-06-21,22,10,19,17,10,19,13,22,17,19,21,16,12,16.0,16,8,20
2024-06-22,21,5,10,20,5,14,9,19,17,16,14,9,6,,6,9,14
2024-06-23,9,10,7,10,5,8,20,8,6,9,8,10,6,12.0,9,8,8
2024-06-24,19,14,19,17,18,19,23,18,18,23,18,22,15,22.0,16,16,18
2024-06-25,8,21,15,8,11,9,20,9,11,12,9,12,13,19.0,18,21,8
2024-06-26,12,17,12,12,9,12,16,13,10,12,12,12,10,13.0,13,13,13
2024-06-27,17,20,21,18,13,17,26,17,13,16,16,16,13,21.0,17,7,16
2024-06-28,25,14,15,21,9,16,15,23,14,16,20,17,9,16.0,12,9,16
2024-06-29,20,7,7,20,4,14,11,19,16,18,16,11,6,12.0,7,7,14
2024-06-30,12,5,4,16,3,6,6,11,7,8,10,8,4,6.0,5,6,7
2024-07-01,16,12,10,15,6,13,16,15,12,16,13,9,6,13.0,10,5,12
2024-07-02,10,6,9,13,6,9,18,10,8,11,11,8,6,12.0,7,7,9
2024-07-03,16,7,7,18,9,11,10,14,10,11,14,12,8,11.0,8,8,10
2024-07-04,29,12,14,32,12,18,18,26,20,21,19,17,11,18.0,14,7,17
2024-07-05,11,8,7,12,6,5,12,11,10,9,8,8,8,10.0,9,11,6
2024-07-06,17,8,10,18,7,11,13,15,15,14,12,11,8,14.0,9,7,10
2024-07-07,13,8,14,14,11,12,13,12,10,9,9,16,10,14.0,11,8,7
2024-07-08,6,7,16,6,10,5,12,6,5,5,6,14,10,13.0,11,7,5
2024-07-09,9,12,4,10,11,4,13,8,7,4,5,7,10,7.0,13,8,4
2024-07-10,5,5,4,7,5,3,8,6,7,4,6,7,5,6.0,6,7,4
2024-07-11,25,12,14,24,8,12,20,23,13,14,15,12,9,16.0,11,11,12
2024-07-12,27,19,20,28,14,17,28,27,23,28,23,19,14,23.0,16,15,19
2024-07-13,38,14,22,40,16,16,25,34,25,29,25,20,15,23.0,15,10,21
2024-07-14,23,6,6,24,6,8,8,19,14,11,14,11,6,11.0,7,6,9
2024-07-15,6,8,8,10,8,4,10,6,8,5,5,8,7,12.0,7,9,4
2024-07-16,7,4,7,11,5,7,12,7,5,7,8,8,5,10.0,5,4,6
2024-07-17,4,6,6,6,3,4,9,4,4,4,4,5,5,9.0,6,4,3
2024-07-18,4,7,6,6,8,5,11,4,4,5,6,8,8,9.0,8,10,5
2024-07-19,16,9,8,15,4,5,13,12,8,7,7,5,5,11.0,9,10,5
2024-07-20,10,6,9,10,4,5,11,8,8,6,6,6,6,10.0,7,6,5
2024-07-21,9,4,5,10,4,6,7,8,7,7,7,7,5,8.0,5,4,5
2024-07-22,6,4,5,7,3,4,7,5,6,5,4,4,4,9.0,5,4,3
2024-07-23,5,4,4,7,3,3,7,4,4,3,4,4,4,7.0,4,4,3
2024-07-24,6,4,4,7,3,4,7,5,5,4,5,4,5,7.0,4,5,4
2024-07-25,9,7,7,11,4,5,12,7,5,5,6,7,6,10.0,8,6,5
2024-07-26,8,9,6,11,4,6,13,7,6,7,7,7,6,11.0,8,6,6
2024-07-27,8,7,5,11,5,5,8,6,5,5,6,5,6,7.0,7,9,5
2024-07-28,7,5,5,9,3,4,7,5,5,4,5,5,4,8.0,5,5,3
2024-07-29,8,6,4,9,3,3,7,7,5,5,5,4,4,7.0,6,5,3
2024-07-30,13,7,4,11,3,5,8,10,8,6,6,5,4,7.0,6,4,4
2024-07-31,8,9,5,8,3,4,14,7,8,5,5,5,4,8.0,7,4,4
2024-08-01,9,6,6,10,5,6,12,7,7,6,6,6,5,9.0,7,6,6
2024-08-02,17,9,10,18,12,12,16,13,10,11,14,14,11,12.0,11,10,12
2024-08-03,24,19,12,18,13,17,23,18,15,19,17,16,14,17.0,17,11,18
2024-08-04,22,17,15,19,10,14,22,18,14,17,16,12,14,19.0,17,10,13
2024-08-05,22,12,13,21,15,10,13,16,10,12,14,13,13,13.0,14,13,10
2024-08-06,10,11,7,13,10,8,11,8,5,7,9,11,11,10.0,12,11,7
2024-08-07,11,16,13,12,13,11,18,11,7,12,15,15,14,13.0,16,13,14
2024-08-08,14,20,12,13,10,12,18,11,11,14,11,12,12,15.0,19,11,12
2024-08-09,19,15,14,19,11,13,16,16,12,17,16,14,13,15.0,15,14,16
2024-08-10,24,10,13,25,14,17,12,20,10,17,19,17,17,14.0,16,12,20
2024-08-11,22,7,8,20,9,13,9,17,11,14,15,15,11,11.0,10,9,15
2024-08-12,19,7,9,16,14,15,9,17,11,16,15,17,14,11.0,11,10,18
2024-08-13,17,8,6,16,16,8,8,15,9,12,14,14,12,9.0,10,9,12
2024-08-14,17,6,7,21,12,7,7,14,9,10,14,15,10,9.0,9,10,9
2024-08-15,16,4,4,21,9,7,5,13,8,9,16,14,9,7.0,8,10,9
2024-08-16,14,6,4,18,8,5,6,12,7,6,15,11,8,7.0,8,6,7
2024-08-17,15,6,6,25,8,7,7,14,6,7,16,10,9,8.0,9,7,9
2024-08-18,14,5,7,21,8,6,6,12,6,8,16,9,8,8.0,8,7,10
2024-08-19,17,9,15,29,17,9,10,17,6,11,16,15,15,13.0,15,15,12
2024-08-20,17,6,8,24,18,12,8,16,8,12,18,15,12,11.0,10,7,14
2024-08-21,6,4,2,7,5,3,7,4,5,4,6,5,5,6.0,4,6,4
2024-08-22,6,5,4,8,6,3,7,5,4,4,6,6,6,7.0,7,11,3
2024-08-23,20,14,10,22,17,13,16,17,15,13,16,18,16,12.0,14,31,12
2024-08-24,31,28,20,33,29,26,32,27,20,23,22,28,26,23.0,27,25,21
2024-08-25,30,35,18,29,22,18,36,23,17,22,20,22,24,24.0,32,23,18
2024-08-26,27,24,23,30,18,19,23,24,16,21,24,21,22,22.0,25,20,21
2024-08-27,13,9,13,18,18,15,12,13,9,12,20,21,16,12.0,14,13,17
2024-08-28,7,5,4,10,8,5,6,8,6,7,8,7,6,7.0,6,9,5
2024-08-29,4,4,2,7,5,4,6,5,4,5,7,5,4,6.0,4,8,4
2024-08-30,6,5,3,9,6,5,6,7,4,6,8,7,5,7.0,5,8,6
2024-08-31,20,9,12,22,13,15,11,18,8,17,17,17,12,12.0,11,13,17
2024-09-01,20,7,12,19,15,16,9,19,13,17,19,18,13,12.0,12,14,18
2024-09-02,12,16,16,14,17,13,18,13,13,18,15,18,14,17.0,17,17,16
2024-09-03,5,7,4,8,15,6,7,5,4,6,11,13,12,7.0,10,12,6
2024-09-04,10,5,5,12,10,4,6,8,5,5,10,10,7,7.0,7,9,5
2024-09-05,13,9,11,13,12,10,12,12,9,10,12,13,9,11.0,11,13,10
2024-09-06,8,14,8,11,15,11,15,8,6,10,13,14,14,11.0,15,18,12
2024-09-07,14,14,12,15,11,7,13,12,7,8,12,15,13,10.0,15,21,9
2024-09-08,22,19,14,23,10,9,16,19,10,15,16,13,12,11.0,21,19,14
2024-09-09,20,7,8,24,18,14,7,19,8,13,20,21,15,9.0,13,17,18
2024-09-10,21,7,10,23,14,11,10,19,9,11,20,20,12,10.0,10,11,15
2024-09-11,22,9,15,24,10,15,13,18,11,14,16,14,7,16.0,10,5,16
2024-09-12,6,12,13,10,8,6,14,5,3,5,6,9,10,12.0,14,6,4
2024-09-13,8,9,17,9,11,8,15,7,6,9,8,11,11,16.0,14,8,7
2024-09-14,6,5,15,5,8,6,11,6,5,7,7,8,11,14.0,11,9,6
2024-09-15,6,7,7,9,10,6,8,6,4,7,10,10,9,8.0,8,8,7
2024-09-16,3,5,2,4,5,2,7,3,3,3,4,5,4,5.0,4,6,3
2024-09-17,6,6,3,8,8,4,14,6,5,5,7,7,8,6.0,7,6,5
2024-09-18,10,5,7,12,9,9,9,8,6,7,11,8,9,8.0,7,8,10
2024-09-19,13,9,9,15,8,4,16,10,6,7,8,8,8,11.0,10,7,6
2024-09-20,7,6,10,8,4,5,10,7,6,7,6,5,4,10.0,7,5,6
2024-09-21,2,2,2,1,2,1,4,2,2,2,2,3,3,4.0,2,6,2
2024-09-22,2,3,2,2,3,2,5,2,3,3,3,5,3,6.0,3,4,3
2024-09-23,3,4,3,4,5,3,5,4,4,4,4,5,4,6.0,4,6,3
2024-09-24,5,5,5,7,7,4,6,6,4,5,6,7,5,7.0,5,7,5
2024-09-25,8,5,6,10,8,5,7,9,5,7,9,9,6,8.0,7,8,6
2024-09-26,10,6,10,11,11,7,10,11,7,9,11,11,9,10.0,9,9,10
2024-09-27,9,9,12,15,15,11,12,10,7,14,15,17,12,12.0,12,13,12
2024-09-28,5,6,4,7,16,7,8,5,5,6,7,12,11,8.0,7,10,6
2024-09-29,4,6,4,6,7,3,7,5,4,5,5,7,6,7.0,6,9,4
2024-09-30,6,6,6,7,8,4,8,7,5,6,7,8,7,8.0,7,9,5
